Date,Headline Max,Headline Min,Body Max,Body Min
2022-03-13,0.84,-0.86,0.95,-0.86
2022-03-14,0.88,-0.73,0.91,-0.96
2022-03-15,0.84,-0.86,0.88,-0.91
2022-03-16,0.86,-0.8,0.88,-0.9
2022-03-17,0.61,-0.84,0.82,-0.89
2022-03-18,0.83,-0.82,0.86,-0.97
2022-03-19,0.82,-0.91,0.69,-0.87
2022-03-20,0.91,-0.89,0.93,-0.92
2022-03-21,0.83,-0.87,0.91,-0.96
2022-03-22,0.81,-0.84,0.88,-0.97
2022-03-23,0.79,-0.83,0.92,-0.88
2022-03-24,0.84,-0.86,0.88,-0.94
2022-03-25,0.83,-0.81,0.92,-0.91
2022-03-26,0.78,-0.82,0.87,-0.85
2022-03-27,0.65,-0.83,0.8,-0.9
2022-03-28,0.64,-0.94,0.84,-0.93
2022-03-29,0.9,-0.83,0.95,-0.88
2022-03-30,0.84,-0.86,0.93,-0.89
2022-03-31,0.64,-0.86,0.9,-0.9
2022-04-01,0.79,-0.83,0.93,-0.86
2022-04-02,0.84,-0.82,0.81,-0.88
2022-04-03,0.6,-0.69,0.87,-0.91
2022-04-04,0.72,-0.93,0.95,-0.9
2022-04-05,0.8,-0.87,0.91,-0.95
2022-04-06,0.93,-0.85,0.91,-0.91
2022-04-07,0.78,-0.87,0.89,-0.96
2022-04-08,0.81,-0.82,0.86,-0.95
2022-04-09,0.76,-0.81,0.67,-0.9
2022-04-10,0.79,-0.85,0.89,-0.85
2022-04-11,0.83,-0.79,0.74,-0.89
2022-04-12,0.76,-0.9,0.87,-0.9
2022-04-13,0.86,-0.92,0.91,-0.9
2022-04-14,0.64,-0.8,0.82,-0.81
2022-04-15,0.82,-0.86,0.92,-0.92
2022-04-16,0.73,-0.83,0.84,-0.91
2022-04-17,0.83,-0.84,0.71,-0.95
2022-04-18,0.8,-0.76,0.85,-0.86
2022-04-19,0.86,-0.83,0.89,-0.95
2022-04-20,0.64,-0.91,0.87,-0.89
2022-04-21,0.82,-0.84,0.88,-0.85
2022-04-22,0.77,-0.82,0.74,-0.9
2022-04-23,0.83,-0.85,0.74,-0.82
2022-04-24,0.64,-0.84,0.86,-0.92
2022-04-25,0.85,-0.8,0.91,-0.94
2022-04-26,0.84,-0.85,0.9,-0.89
2022-04-27,0.82,-0.86,0.86,-0.97
2022-04-28,0.83,-0.88,0.86,-0.91
2022-04-29,0.8,-0.86,0.79,-0.89
2022-04-30,0.67,-0.84,0.81,-0.93
2022-05-01,0.69,-0.84,0.79,-0.92
2022-05-02,0.67,-0.84,0.95,-0.89
2022-05-03,0.86,-0.84,0.78,-0.87
2022-05-04,0.65,-0.82,0.94,-0.86
2022-05-05,0.77,-0.92,0.92,-0.96
2022-05-06,0.84,-0.81,0.86,-0.89
2022-05-07,0.82,-0.82,0.78,-0.87
2022-05-08,0.89,-0.89,0.86,-0.86
2022-05-09,0.8,-0.9,0.95,-0.95
2022-05-10,0.79,-0.8,0.89,-0.84
2022-05-11,0.88,-0.8,0.88,-0.9
2022-05-12,0.81,-0.8,0.83,-0.86
2022-05-13,0.69,-0.9,0.91,-0.89
2022-05-14,0.8,-0.82,0.84,-0.94
2022-05-15,0.73,-0.94,0.9,-0.83
2022-05-16,0.76,-0.93,0.91,-0.95
2022-05-17,0.84,-0.88,0.93,-0.89
2022-05-18,0.81,-0.89,0.85,-0.91
2022-05-19,0.72,-0.82,0.85,-0.92
2022-05-20,0.82,-0.94,0.81,-0.93
2022-05-21,0.57,-0.82,0.76,-0.92
2022-05-22,0.9,-0.85,0.77,-0.94
2022-05-23,0.64,-0.92,0.91,-0.92
2022-05-24,0.79,-0.87,0.93,-0.88
2022-05-25,0.76,-0.88,0.94,-0.94
2022-05-26,0.85,-0.9,0.9,-0.9
2022-05-27,0.8,-0.9,0.86,-0.88
2022-05-28,0.74,-0.9,0.85,-0.93
2022-05-29,0.53,-0.78,0.71,-0.84
2022-05-30,0.7,-0.93,0.8,-0.91
2022-05-31,0.83,-0.84,0.87,-0.87
2022-06-01,0.81,-0.93,0.92,-0.97
2022-06-02,0.79,-0.95,0.92,-0.93
2022-06-03,0.8,-0.93,0.88,-0.94
2022-06-04,0.64,-0.86,0.86,-0.87
2022-06-05,0.76,-0.89,0.82,-0.84
2022-06-06,0.81,-0.88,0.87,-0.89
2022-06-07,0.7,-0.82,0.9,-0.85
2022-06-08,0.86,-0.85,0.85,-0.93
2022-06-09,0.8,-0.9,0.97,-0.87
2022-06-10,0.78,-0.94,0.85,-0.94
2022-06-11,0.81,-0.76,0.95,-0.92
2022-06-12,0.76,-0.83,0.92,-0.76
2022-06-13,0.9,-0.89,0.99,-0.92
2022-06-14,0.9,-0.76,0.88,-0.93
2022-06-15,0.87,-0.85,0.88,-0.96
2022-06-16,0.66,-0.91,0.91,-0.93
2022-06-17,0.77,-0.89,0.91,-0.88
2022-06-18,0.67,-0.86,0.85,-0.9
2022-06-19,0.61,-0.9,0.92,-0.91
2022-06-20,0.66,-0.91,0.9,-0.86
2022-06-21,0.75,-0.84,0.91,-0.94
2022-06-22,0.79,-0.9,0.9,-0.96
2022-06-23,0.84,-0.8,0.88,-0.93
2022-06-24,0.88,-0.82,0.83,-0.91
2022-06-25,0.74,-0.76,0.84,-0.89
2022-06-26,0.77,-0.83,0.88,-0.87
2022-06-27,0.73,-0.91,0.87,-0.87
2022-06-28,0.86,-0.92,0.94,-0.94
2022-06-29,0.84,-0.89,0.91,-0.88
2022-06-30,0.79,-0.88,0.83,-0.86
2022-07-01,0.9,-0.8,0.89,-0.9
2022-07-02,0.66,-0.87,0.95,-0.93
2022-07-03,0.8,-0.8,0.9,-0.9
2022-07-04,0.76,-0.81,0.88,-0.9
2022-07-05,0.85,-0.9,0.94,-0.95
2022-07-06,0.9,-0.88,0.94,-0.92
2022-07-07,0.89,-0.85,0.88,-0.92
2022-07-08,0.8,-0.88,0.88,-0.9
2022-07-09,0.84,-0.91,0.79,-0.91
2022-07-10,0.73,-0.76,0.81,-0.93
2022-07-11,0.73,-0.85,0.89,-0.93
2022-07-12,0.77,-0.83,0.94,-0.96
2022-07-13,0.72,-0.88,0.86,-0.9
2022-07-14,0.8,-0.84,0.9,-0.92
2022-07-15,0.87,-0.87,0.86,-0.9
2022-07-16,0.76,-0.76,0.89,-0.86
2022-07-17,0.75,-0.89,0.89,-0.91
2022-07-18,0.79,-0.9,0.93,-0.95
2022-07-19,0.74,-0.76,0.94,-0.9
2022-07-20,0.8,-0.88,0.9,-0.87
2022-07-21,0.78,-0.85,0.84,-0.9
2022-07-22,0.85,-0.92,0.89,-0.92
2022-07-23,0.8,-0.81,0.83,-0.93
2022-07-24,0.78,-0.75,0.89,-0.9
2022-07-25,0.89,-0.88,0.86,-0.93
2022-07-26,0.84,-0.9,0.94,-0.85
2022-07-27,0.71,-0.94,0.83,-0.94
2022-07-28,0.7,-0.84,0.91,-0.89
2022-07-29,0.81,-0.94,0.86,-0.94
2022-07-30,0.8,-0.94,0.66,-0.97
2022-07-31,0.48,-0.78,0.8,-0.9
2022-08-01,0.79,-0.88,0.87,-0.97
2022-08-02,0.7,-0.8,0.94,-0.91
2022-08-03,0.79,-0.92,0.9,-0.88
2022-08-04,0.71,-0.86,0.86,-0.85
2022-08-05,0.86,-0.9,0.83,-0.93
2022-08-06,0.82,-0.82,0.8,-0.92
2022-08-07,0.74,-0.84,0.86,-0.85
2022-08-08,0.6,-0.83,0.8,-0.95
2022-08-09,0.77,-0.86,0.94,-0.91
2022-08-10,0.81,-0.89,0.87,-0.92
2022-08-11,0.7,-0.9,0.88,-0.96
2022-08-12,0.79,-0.84,0.93,-0.89
2022-08-13,0.53,-0.82,0.89,-0.96
2022-08-14,0.76,-0.84,0.8,-0.93
2022-08-15,0.85,-0.9,0.88,-0.93
2022-08-16,0.82,-0.85,0.92,-0.89
2022-08-17,0.57,-0.81,0.85,-0.92
2022-08-18,0.88,-0.86,0.92,-0.97
2022-08-19,0.79,-0.67,0.86,-0.82
2022-08-20,0.87,-0.87,0.9,-0.86
2022-08-21,0.64,-0.81,0.82,-0.9
2022-08-22,0.59,-0.82,0.89,-0.95
2022-08-23,0.83,-0.85,0.92,-0.87
2022-08-24,0.86,-0.85,0.9,-0.94
2022-08-25,0.7,-0.78,0.94,-0.92
2022-08-26,0.71,-0.74,0.9,-0.83
2022-08-27,0.69,-0.83,0.85,-0.89
2022-08-28,0.64,-0.9,0.78,-0.93
2022-08-29,0.78,-0.85,0.89,-0.91
2022-08-30,0.86,-0.92,0.86,-0.88
2022-08-31,0.73,-0.81,0.87,-0.83
2022-09-01,0.8,-0.86,0.87,-0.86
2022-09-02,0.89,-0.82,0.79,-0.9
2022-09-03,0.64,-0.82,0.84,-0.94
2022-09-04,0.57,-0.8,0.84,-0.9
2022-09-05,0.72,-0.92,0.8,-0.9
2022-09-06,0.8,-0.86,0.83,-0.93
2022-09-07,0.65,-0.86,0.84,-0.93
2022-09-08,0.75,-0.9,0.92,-0.93
2022-09-09,0.81,-0.8,0.85,-0.91
2022-09-10,0.94,-0.8,0.87,-0.85
2022-09-11,0.77,-0.88,0.9,-0.79
2022-09-12,0.75,-0.9,0.89,-0.89
2022-09-13,0.9,-0.87,0.95,-0.89
